"","HenID","Pen","Bird","Betweenness","Centrality","Status","Community","mycl"
"1","1","11","1",2.07403884,0.009399355,-0.060063912,11.1,"3"
"2","10","11","10",2.78550771,0.009211188,0.108514126,11.2,"2"
"3","100","14","100",1.740446009,0.009707797,0.12162758,14.1,"1"
"4","101","14","101",1.765604003,0.009116185,0.020119099,14.3,"5"
"5","102","14","102",2.236399119,0.009707496,-0.068911615,14.1,"1"
"6","103","14","103",2.881777149,0.009595578,0.180783439,14.1,"3"
"7","104","13","104",1.310346696,0.009302318,0.172450129,13.1,"1"
"8","105","14","105",2.024696954,0.009489445,-0.013302678,14.3,"4"
"9","106","14","106",2.236399119,0.009699197,-0.165329559,14.1,"3"
"10","107","14","107",1.446698118,0.009175243,0.260169181,14.3,"5"
"11","108","14","108",3.174526168,0.009895097,-0.136185661,14.1,"3"
"12","109","14","109",2.642858771,0.009740081,0.056169291,14.1,"1"
"13","11","11","11",3.282723101,0.009542088,-0.070580518,11.1,"3"
"14","110","14","110",2.57825166,0.009805592,-0.123139151,14.2,"4"
"15","111","14","111",1.558855802,0.009428426,-0.150637953,14.1,"3"
"16","112","14","112",3.174526168,0.009763057,-0.069006551,14.1,"3"
"17","113","13","113",1.310346696,0.009680868,-0.072969003,13.2,"4"
"18","114","14","114",2.285502641,0.009707686,0.135007722,14.1,"1"
"19","115","14","115",1.357893509,0.009500778,0.121064035,14.1,"1"
"20","117","14","117",1.898820445,0.00909938,0.017959791,14.3,"5"
"21","119","14","119",0.22196098,0.008845588,0.172367184,14.3,"5"
"22","12","11","12",2.07403884,0.009329536,0.028156745,11.2,"2"
"23","121","14","121",1.415347943,0.00964329,0.02218592,14.1,"1"
"24","122","14","122",2.962824003,0.009719619,0.290922475,14.2,"1"
"25","123","12","123",0.262523744,0.009752938,-0.004694224,12.2,"1"
"26","124","14","124",2.236399119,0.009648468,-0.028306911,14.2,"2"
"27","13","11","13",0.862145407,0.009127999,-0.105576092,11.2,"2"
"28","14","11","14",1.193457096,0.008780387,0.063067387,11.2,"4"
"29","15","11","15",3.282723101,0.009419243,-0.003987349,11.1,"3"
"30","150","14","150",3.174526168,0.009720788,-0.298399355,14.2,"4"
"31","151","12","151",0.262523744,0.009818138,0.049924146,12.2,"1"
"32","152","14","152",2.881777149,0.009750735,-0.269685187,14.2,"1"
"33","153","13","153",2.436247764,0.009015507,0.074101261,13.1,"3"
"34","154","14","154",3.174526168,0.009971667,-0.051134132,14.2,"1"
"35","16","11","16",2.919092666,0.009401155,-0.057234864,11.1,"3"
"36","17","11","17",0.862145407,0.009405394,-0.013414535,11.1,"3"
"37","18","11","18",3.282723101,0.009510539,0.04011101,11.3,"3"
"38","19","11","19",3.282723101,0.009445665,0.030310953,11.3,"3"
"39","2","11","2",1.694667905,0.00944541,0.056215849,11.3,"2"
"40","20","11","20",1.771055137,0.009435967,-0.011280184,11.3,"3"
"41","21","11","21",1.771055137,0.009360996,-0.098874554,11.2,"2"
"42","22","11","22",0,0.008348794,0,11.4,"4"
"43","23","11","23",0.593644463,0.009197288,0.010092267,11.2,"2"
"44","24","11","24",0.862145407,0.009175522,0.069151973,11.3,"3"
"45","25","11","25",0.080420287,0.00847392,-0.03350823,11.2,"4"
"46","26","11","26",0.49180554,0.008710495,-0.049591723,11.2,"1"
"47","27","11","27",3.282723101,0.009214047,-0.006250804,11.1,"3"
"48","28","11","28",3.282723101,0.009562073,0.035031464,11.3,"3"
"49","29","11","29",0.862145407,0.009329956,0.047374556,11.3,"3"
"50","3","11","3",1.655063944,0.008798478,-0.087970529,11.2,"1"
"51","30","11","30",3.282723101,0.009018456,-0.118013741,11.2,"2"
"52","31","12","31",0,0.008795952,0.000880679,12.1,"4"
"53","32","12","32",0.742627923,0.009854855,0.023892887,12.2,"3"
"54","33","12","33",3.161199343,0.009769941,-0.005053567,12.2,"3"
"55","34","12","34",0,0.008754864,0,12.3,"4"
"56","35","12","35",0.262523744,0.009549304,0.01945657,12.1,"2"
"57","36","12","36",0.564095407,0.009575772,-0.026900131,12.2,"1"
"58","37","12","37",0.262523744,0.009609635,-0.022760358,12.1,"1"
"59","38","12","38",6.091146441,0.009921173,0.055000236,12.2,"1"
"60","39","12","39",0,0.008754864,0,12.4,"4"
"61","4","11","4",3.282723101,0.00925199,0.054301861,11.2,"2"
"62","40","12","40",2.049790589,0.009063614,0.022784351,12.1,"4"
"63","41","12","41",0.696478134,0.009640555,0.001409014,12.1,"1"
"64","42","12","42",0.742627923,0.009938831,-0.00433477,12.2,"3"
"65","43","12","43",3.161199343,0.009824457,-0.030590194,12.2,"3"
"66","44","12","44",0.491760724,0.009119449,0.051496851,12.1,"4"
"67","45","12","45",0.262523744,0.009293803,0.027304388,12.1,"2"
"68","46","12","46",8.112947016,0.009621092,-0.021326859,12.2,"1"
"69","47","12","47",3.161199343,0.009717124,-0.018735777,12.1,"2"
"70","48","12","48",0.742627923,0.009988644,-0.050899045,12.2,"1"
"71","49","12","49",0.742627923,0.009703059,0.030430072,12.2,"3"
"72","50","12","50",3.161199343,0.009370156,0.087548736,12.1,"2"
"73","500","11","500",2.023210621,0.009601727,-0.033086286,11.1,"3"
"74","501","11","501",2.023210621,0.009512769,0.045150022,11.2,"2"
"75","503","11","503",3.282723101,0.009611628,0.030654162,11.1,"2"
"76","504","11","504",3.282723101,0.009192857,-0.04727009,11.2,"2"
"77","505","11","505",1.886442374,0.009059456,-0.109517846,11.1,"1"
"78","506","11","506",3.282723101,0.009544455,-0.023219935,11.2,"2"
"79","507","11","507",3.282723101,0.009349165,-0.024357097,11.3,"3"
"80","508","11","508",1.771055137,0.009361755,0.021756189,11.1,"3"
"81","509","11","509",3.189141868,0.009347559,0.057315882,11.3,"3"
"82","51","12","51",5.527708929,0.009899625,0.029353699,12.2,"3"
"83","511","11","511",3.282723101,0.009567076,0.090624976,11.1,"3"
"84","512","11","512",2.023210621,0.009251104,0.016733727,11.1,"2"
"85","513","11","513",2.948489399,0.009065977,-0.117667236,11.2,"2"
"86","515","11","515",2.023210621,0.009422346,-0.090507393,11.2,"2"
"87","516","11","516",2.023210621,0.009639293,0.039067476,11.1,"3"
"88","518","11","518",1.894301279,0.008863595,-0.13871808,11.1,"1"
"89","519","11","519",2.07403884,0.00952591,0.021320121,11.3,"2"
"90","52","12","52",0.742627923,0.009590052,-0.016875947,12.2,"5"
"91","520","11","520",1.842331485,0.00903916,-0.033227796,11.1,"2"
"92","521","11","521",2.07403884,0.009205758,0.04571334,11.1,"1"
"93","522","11","522",3.282723101,0.009408817,-0.041427173,11.2,"2"
"94","523","11","523",1.771055137,0.009335578,-0.035987286,11.3,"2"
"95","524","11","524",0.757123192,0.009084829,0.095363463,11.1,"1"
"96","526","11","526",2.023210621,0.009359361,0.078091203,11.2,"2"
"97","527","11","527",1.745496124,0.009086335,0.062219566,11.1,"1"
"98","528","11","528",2.919092666,0.009350071,0.032513435,11.1,"3"
"99","529","11","529",2.07403884,0.009330953,-0.010183131,11.3,"3"
"100","53","12","53",3.046608426,0.009765657,0.048577283,12.1,"1"
"101","531","11","531",0,0.008348794,0,11.5,"4"
"102","532","11","532",2.023210621,0.009251089,0.052847416,11.2,"2"
"103","533","11","533",2.07403884,0.009228361,0.026203657,11.2,"2"
"104","535","11","535",3.145954854,0.009144542,-0.014116977,11.1,"1"
"105","536","11","536",0.862145407,0.009471521,0.003911905,11.1,"3"
"106","537","11","537",2.023210621,0.009538899,0.071860164,11.2,"2"
"107","538","11","538",3.282723101,0.009221512,0.006391836,11.2,"2"
"108","54","12","54",2.590803632,0.00959569,0.081065072,12.1,"1"
"109","540","11","540",2.07403884,0.008944988,-0.006076413,11.1,"1"
"110","544","11","544",0.760306483,0.008979845,-0.037541261,11.2,"2"
"111","545","11","545",2.919092666,0.009444251,-0.00894529,11.1,"3"
"112","546","11","546",1.894301279,0.009200275,-0.010490877,11.1,"3"
"113","547","11","547",2.07403884,0.009536906,-0.06552213,11.1,"3"
"114","548","11","548",2.023210621,0.009091756,-0.023628971,11.2,"2"
"115","549","11","549",2.023210621,0.009305258,0.093680026,11.2,"2"
"116","55","12","55",0.742627923,0.009583121,-0.094021016,12.1,"1"
"117","550","11","550",1.745496124,0.009371577,-0.015930487,11.1,"3"
"118","551","11","551",2.07403884,0.009312359,-0.062213477,11.2,"2"
"119","552","11","552",3.282723101,0.009504046,-0.084979542,11.3,"3"
"120","553","11","553",3.282723101,0.009501579,0.002064391,11.3,"3"
"121","555","11","555",3.282723101,0.009448007,0.036502308,11.1,"3"
"122","556","11","556",0.801510093,0.008868665,-0.130164921,11.1,"1"
"123","557","11","557",2.07403884,0.009283679,0.015492962,11.3,"3"
"124","558","11","558",2.919092666,0.009372901,-0.0198155,11.1,"3"
"125","56","12","56",0.742627923,0.00982505,-0.043034959,12.1,"2"
"126","562","11","562",3.282723101,0.009427369,-0.003982897,11.3,"2"
"127","563","11","563",1.771055137,0.009240078,-0.114670047,11.1,"3"
"128","564","11","564",3.282723101,0.009374933,0.00100577,11.1,"2"
"129","565","11","565",3.282723101,0.009329329,-0.022676268,11.3,"3"
"130","566","11","566",0.593644463,0.009474577,-0.00793584,11.3,"3"
"131","567","11","567",2.023210621,0.009264975,-0.073967542,11.3,"2"
"132","568","11","568",2.919092666,0.009402223,-0.036120778,11.3,"3"
"133","569","11","569",3.282723101,0.009130478,-0.083177032,11.2,"1"
"134","57","13","57",1.02281456,0.009329385,0.050966188,13.1,"1"
"135","570","11","570",1.509608689,0.008890427,-0.011835703,11.1,"1"
"136","571","11","571",3.282723101,0.009470336,-0.011438553,11.3,"3"
"137","573","11","573",3.282723101,0.009458689,0.044662145,11.2,"2"
"138","576","11","576",2.023210621,0.009486053,-0.009949903,11.1,"3"
"139","578","11","578",3.149138146,0.00932117,-0.13298809,11.2,"2"
"140","579","11","579",2.023210621,0.009516048,0.048485722,11.3,"3"
"141","580","11","580",2.07403884,0.009314464,0.137432508,11.2,"2"
"142","581","11","581",3.282723101,0.009440193,0.009885506,11.2,"2"
"143","583","11","583",1.95263941,0.009148887,-0.023151597,11.3,"2"
"144","584","11","584",2.023210621,0.0093851,0.001001284,11.3,"3"
"145","586","11","586",3.282723101,0.009589303,0.092101858,11.2,"2"
"146","587","11","587",2.023210621,0.009390335,0.054990184,11.3,"2"
"147","589","11","589",0.862145407,0.009157554,0.044825463,11.2,"2"
"148","59","12","59",8.676384528,0.009849955,0.024165965,12.2,"3"
"149","591","11","591",3.282723101,0.009237661,0.020701154,11.2,"2"
"150","592","11","592",1.960879388,0.009277786,0.019464693,11.1,"3"
"151","593","11","593",2.07403884,0.009370382,-0.047643898,11.2,"2"
"152","594","11","594",0.56869041,0.009402281,-0.012501543,11.1,"3"
"153","595","11","595",3.282723101,0.009476234,-0.016768491,11.1,"3"
"154","596","11","596",0.160626308,0.008636989,0.075465225,11.2,"4"
"155","597","11","597",2.023210621,0.009107302,0.088643816,11.2,"1"
"156","598","11","598",0.081014224,0.008472574,0.026613042,11.1,"4"
"157","6","11","6",0.182251087,0.008576168,-0.014821626,11.2,"4"
"158","60","12","60",0.200316456,0.008856389,0.024864503,12.1,"4"
"159","600","11","600",3.149138146,0.009709265,0.058164439,11.1,"3"
"160","601","11","601",3.282723101,0.009341299,-0.139016231,11.1,"2"
"161","603","11","603",2.07403884,0.00924694,0.013145205,11.2,"2"
"162","61","13","61",1.222525719,0.009098679,0.091872613,13.1,"3"
"163","618","12","618",8.676384528,0.009775789,0.0130318,12.1,"1"
"164","619","12","619",0.062938596,0.009458327,0.023016581,12.2,"2"
"165","62","13","62",1.310346696,0.009742272,-0.047532666,13.2,"2"
"166","620","12","620",2.681095165,0.00979175,0.045383707,12.1,"1"
"167","622","12","622",0.742627923,0.009613172,-0.006283058,12.1,"1"
"168","623","12","623",2.681095165,0.009914101,0.017404892,12.2,"1"
"169","624","12","624",2.933886339,0.009493724,-0.007122326,12.1,"2"
"170","625","12","625",8.676384528,0.009960922,0.017800081,12.1,"1"
"171","626","12","626",0.742627923,0.009625707,0.091688735,12.1,"1"
"172","627","12","627",8.676384528,0.009799189,0.006880132,12.1,"2"
"173","628","12","628",2.614807286,0.00929416,0.070149543,12.1,"2"
"174","629","12","629",6.091146441,0.009756149,-0.053523105,12.2,"1"
"175","63","13","63",2.815665696,0.009654001,-0.04221188,13.2,"4"
"176","630","12","630",6.091146441,0.009642714,-0.012342839,12.1,"1"
"177","631","12","631",0.742627923,0.009811853,-0.073643025,12.1,"2"
"178","632","12","632",0.742627923,0.009639301,-0.027492788,12.2,"3"
"179","634","12","634",2.681095165,0.009597991,-0.021414314,12.1,"2"
"180","635","12","635",3.161199343,0.009633809,0.00694109,12.1,"2"
"181","637","12","637",6.091146441,0.009772087,-0.006320192,12.1,"2"
"182","638","12","638",3.161199343,0.009878276,0.010451273,12.1,"1"
"183","640","12","640",3.161199343,0.009650904,-0.037168105,12.1,"2"
"184","641","12","641",6.091146441,0.00961701,-0.015882483,12.1,"1"
"185","642","12","642",3.161199343,0.009869025,-0.008308284,12.1,"1"
"186","643","12","643",6.091146441,0.01016937,-0.044538859,12.1,"1"
"187","645","12","645",8.369071524,0.00946876,0.027700031,12.1,"2"
"188","646","12","646",8.676384528,0.009835544,-0.068271984,12.1,"1"
"189","647","12","647",0.742627923,0.009685785,0.003890151,12.2,"1"
"190","648","12","648",0.742627923,0.009989197,-0.000755715,12.1,"1"
"191","649","12","649",8.676384528,0.010003029,0.014469725,12.2,"3"
"192","65","13","65",0.614826546,0.009349418,-0.098457397,13.2,"4"
"193","650","12","650",3.161199343,0.009701583,0.008860158,12.1,"2"
"194","651","12","651",8.676384528,0.009698551,-0.051000932,12.1,"1"
"195","653","12","653",0.742627923,0.009826193,6.75e-05,12.1,"1"
"196","655","12","655",2.933886339,0.009693377,-0.066146732,12.1,"1"
"197","656","12","656",0.742627923,0.009773213,-0.056897987,12.2,"3"
"198","658","12","658",6.091146441,0.009817244,-0.064915976,12.2,"3"
"199","659","12","659",5.527708929,0.009466598,-0.034444158,12.1,"2"
"200","66","13","66",0.668963161,0.009349711,-0.02845303,13.1,"1"
"201","660","12","660",3.161199343,0.009860303,0.047508541,12.1,"1"
"202","661","12","661",0.742627923,0.009935966,-0.024420412,12.2,"1"
"203","662","12","662",0.742627923,0.009786869,-0.014550169,12.2,"1"
"204","664","12","664",6.091146441,0.009952201,-0.039491473,12.1,"1"
"205","665","12","665",3.161199343,0.00960319,0.037137087,12.1,"2"
"206","666","12","666",0.262523744,0.0099009,-0.031702686,12.2,"1"
"207","667","12","667",6.091146441,0.00990956,0.063093042,12.2,"1"
"208","668","12","668",2.681095165,0.009590244,-0.04377751,12.1,"1"
"209","669","12","669",0.674548634,0.009758442,0.01525821,12.2,"3"
"210","67","13","67",0.868236047,0.009437357,-0.042163607,13.2,"4"
"211","671","12","671",2.681095165,0.009525481,-0.114918651,12.2,"1"
"212","672","12","672",0.742627923,0.009763108,0.007707536,12.1,"2"
"213","673","12","673",0.083991228,0.009767679,0.000648177,12.1,"1"
"214","674","12","674",0.742627923,0.009726355,-0.021532939,12.1,"1"
"215","676","12","676",8.676384528,0.00989548,0.053662588,12.2,"1"
"216","677","12","677",0.564095407,0.009733314,0.011834741,12.2,"1"
"217","679","12","679",3.161199343,0.010086526,-0.029034383,12.1,"1"
"218","68","13","68",1.310346696,0.009556587,0.019223669,13.2,"2"
"219","681","12","681",3.161199343,0.009698238,0.005052266,12.2,"3"
"220","682","12","682",3.161199343,0.00972871,0.060009766,12.2,"1"
"221","684","12","684",3.161199343,0.009701246,-0.030454926,12.1,"1"
"222","685","12","685",3.161199343,0.009995518,0.006227641,12.1,"1"
"223","686","12","686",8.369071524,0.009909554,-0.021447561,12.1,"1"
"224","688","12","688",0.742627923,0.009859449,0.009318741,12.1,"1"
"225","69","13","69",1.310346696,0.009421455,0.107291313,13.2,"4"
"226","690","12","690",0.742627923,0.009815701,0.006867265,12.2,"3"
"227","691","12","691",3.161199343,0.00973535,-0.036500651,12.2,"1"
"228","692","12","692",3.161199343,0.009755853,-0.059748551,12.1,"1"
"229","693","12","693",3.161199343,0.009635624,0.060328822,12.2,"1"
"230","694","12","694",0.742627923,0.010064327,0.014941303,12.2,"3"
"231","695","12","695",3.161199343,0.009900612,0.010391786,12.2,"3"
"232","697","12","697",8.676384528,0.009851881,-0.020032435,12.2,"3"
"233","698","12","698",6.091146441,0.009728907,-0.044983988,12.2,"2"
"234","699","12","699",3.161199343,0.009894806,0.034505702,12.2,"1"
"235","7","11","7",1.865005784,0.008701526,-0.030724118,11.1,"4"
"236","70","13","70",0.498648724,0.008779369,0.063632839,13.1,"3"
"237","700","12","700",3.161199343,0.00990398,0.03312382,12.2,"3"
"238","702","12","702",0.742627923,0.009858369,0.009960209,12.2,"3"
"239","703","12","703",6.091146441,0.009912053,0.051724944,12.2,"1"
"240","705","12","705",6.091146441,0.010032992,0.027466373,12.2,"1"
"241","706","12","706",6.091146441,0.010078696,-0.024796548,12.1,"1"
"242","71","13","71",3.337220984,0.009534115,0.055663534,13.1,"2"
"243","711","12","711",0.742627923,0.009823675,-0.010674665,12.2,"3"
"244","712","12","712",0.742627923,0.009783476,0.06418393,12.2,"1"
"245","72","13","72",0.124579352,0.008620909,-0.005629868,13.1,"5"
"246","720","13","720",0.868236047,0.009283438,-0.048912437,13.2,"1"
"247","721","13","721",0,0.008514664,0,13.4,"5"
"248","723","13","723",1.310346696,0.0096748,0.008160453,13.2,"4"
"249","725","13","725",2.674913177,0.009109551,0.001334028,13.1,"3"
"250","726","13","726",3.337220984,0.009550595,0.017203715,13.1,"1"
"251","727","13","727",3.337220984,0.009542105,0.006224418,13.2,"4"
"252","728","13","728",1.310346696,0.00976155,0.030744457,13.2,"4"
"253","729","13","729",1.310346696,0.009572152,0.021004428,13.1,"1"
"254","73","13","73",3.144985241,0.008992266,-0.050851348,13.1,"3"
"255","731","13","731",1.310346696,0.009659115,0.084654783,13.2,"4"
"256","732","13","732",3.337220984,0.009652275,0.055438999,13.2,"2"
"257","733","13","733",1.310346696,0.009450151,0.099529905,13.1,"1"
"258","734","13","734",2.847491288,0.009507884,-0.045691335,13.1,"1"
"259","735","13","735",0,0.008514664,0,13.5,"5"
"260","738","13","738",3.337220984,0.00959923,-0.036527558,13.2,"2"
"261","74","13","74",3.337220984,0.009322273,0.070890287,13.2,"4"
"262","740","13","740",3.337220984,0.009545771,0.048329093,13.2,"2"
"263","741","13","741",3.337220984,0.009735318,-0.038329315,13.1,"1"
"264","742","13","742",3.337220984,0.009649021,-0.01463072,13.2,"4"
"265","744","13","744",3.337220984,0.009587104,0.069719819,13.2,"2"
"266","745","13","745",0.840073459,0.009803516,0.084068245,13.2,"2"
"267","746","13","746",0.840073459,0.009546744,-0.037583782,13.1,"1"
"268","747","13","747",2.847491288,0.009439039,-0.039072807,13.1,"1"
"269","748","13","748",3.337220984,0.009642585,-0.040059524,13.1,"2"
"270","75","13","75",2.815665696,0.009398595,-0.169915901,13.1,"2"
"271","750","13","750",3.337220984,0.009615906,-0.024930057,13.2,"4"
"272","752","13","752",1.310346696,0.009504204,-0.048262306,13.2,"2"
"273","753","13","753",1.310346696,0.009792496,0.091719345,13.1,"1"
"274","754","13","754",3.337220984,0.009371256,0.04597858,13.1,"1"
"275","758","13","758",2.355347765,0.009592273,-0.076961884,13.2,"4"
"276","759","13","759",3.337220984,0.009688383,0.01739997,13.2,"4"
"277","76","13","76",1.310346696,0.009678793,0.050967962,13.2,"4"
"278","760","13","760",3.337220984,0.009704248,0.019214428,13.2,"2"
"279","761","13","761",1.310346696,0.00957728,0.030757861,13.2,"2"
"280","762","13","762",1.310346696,0.009865841,-0.036817428,13.2,"4"
"281","763","13","763",1.01886267,0.009314959,-0.041489329,13.2,"4"
"282","764","13","764",3.337220984,0.009602832,0.084923747,13.1,"1"
"283","765","13","765",3.337220984,0.00944247,-0.072720652,13.1,"1"
"284","766","13","766",0.840073459,0.009223729,0.031026983,13.1,"1"
"285","767","13","767",3.337220984,0.009501672,-0.020204997,13.1,"1"
"286","768","13","768",0.840073459,0.009577277,-0.111398141,13.2,"4"
"287","769","13","769",2.815665696,0.009162027,-0.020529259,13.1,"1"
"288","770","13","770",1.310346696,0.009600383,-0.068182789,13.1,"2"
"289","772","13","772",3.337220984,0.009604067,0.089083013,13.1,"1"
"290","774","13","774",1.310346696,0.009558146,0.072219807,13.2,"2"
"291","776","13","776",1.310346696,0.009655283,-0.012932267,13.1,"1"
"292","777","13","777",2.847491288,0.009539105,-0.142508773,13.2,"2"
"293","779","13","779",2.815665696,0.009507184,-0.114491306,13.1,"1"
"294","78","13","78",1.310346696,0.009617234,0.027361081,13.1,"2"
"295","780","13","780",1.310346696,0.009673698,-0.065044694,13.1,"1"
"296","781","13","781",2.600190684,0.00909313,-0.02728117,13.1,"1"
"297","782","13","782",3.337220984,0.00942396,0.035269691,13.1,"1"
"298","784","13","784",3.337220984,0.009718951,0.060940589,13.1,"1"
"299","785","13","785",2.847491288,0.009565317,-0.099801737,13.1,"1"
"300","786","13","786",1.310346696,0.009554693,0.108328953,13.1,"1"
"301","789","13","789",1.085099783,0.009563183,-0.000358177,13.2,"4"
"302","79","13","79",3.146265472,0.009389083,-0.066729381,13.1,"1"
"303","790","13","790",0.868236047,0.009628412,0.063979749,13.2,"4"
"304","791","13","791",1.310346696,0.009632537,0.085813929,13.2,"2"
"305","792","13","792",1.310346696,0.009546709,0.014504857,13.2,"4"
"306","793","13","793",2.355347765,0.009493384,-0.006007779,13.2,"2"
"307","795","13","795",2.815665696,0.009600624,-0.05890757,13.1,"1"
"308","796","13","796",2.670964864,0.009143166,0.043489737,13.1,"1"
"309","797","13","797",3.337220984,0.009785108,0.079638562,13.2,"2"
"310","798","13","798",1.310346696,0.009566412,-0.088106551,13.1,"2"
"311","799","13","799",2.815665696,0.009164369,0.016659791,13.1,"3"
"312","8","11","8",3.282723101,0.009326483,0.046107963,11.3,"3"
"313","80","13","80",0.123715723,0.008722087,-0.008415629,13.1,"5"
"314","800","13","800",2.815665696,0.009272933,0.015590134,13.1,"3"
"315","801","13","801",3.337220984,0.009623768,-0.076496081,13.1,"1"
"316","802","13","802",1.310346696,0.009578043,-0.004112092,13.1,"1"
"317","805","13","805",1.310346696,0.009479333,0.006461992,13.2,"4"
"318","806","13","806",0.585835699,0.008919048,0.047478952,13.1,"3"
"319","81","13","81",0.427374575,0.009407879,-0.025164152,13.2,"4"
"320","810","13","810",3.337220984,0.009600331,-0.009456299,13.1,"1"
"321","811","13","811",3.337220984,0.009226976,-0.048536071,13.1,"1"
"322","812","13","812",1.310346696,0.00968816,-0.004443602,13.2,"4"
"323","813","13","813",3.337220984,0.009743094,-0.041343199,13.2,"2"
"324","814","13","814",1.310346696,0.009308437,0.148272154,13.1,"1"
"325","815","13","815",3.337220984,0.009611872,-0.010560398,13.1,"2"
"326","817","13","817",2.88147077,0.009128446,0.176954164,13.2,"5"
"327","819","13","819",1.310346696,0.009676256,-0.073349846,13.1,"2"
"328","821","13","821",3.070307405,0.009425124,-0.078303035,13.1,"1"
"329","822","13","822",3.337220984,0.00945926,0.005944439,13.1,"1"
"330","823","13","823",2.847491288,0.009451893,-0.052372489,13.1,"1"
"331","83","13","83",0.868236047,0.009022183,0.0790594,13.1,"3"
"332","836","14","836",2.806133259,0.009389365,0.401865557,14.3,"4"
"333","839","14","839",1.037584219,0.009046633,0.025739885,14.3,"5"
"334","84","13","84",0,0.008514664,0,13.3,"5"
"335","840","14","840",2.57825166,0.009739442,-0.167771141,14.1,"1"
"336","841","14","841",2.261164331,0.009379212,0.249985317,14.3,"4"
"337","843","14","843",0.389644574,0.008923112,0.075526682,14.2,"5"
"338","844","14","844",3.174526168,0.009611738,0.179704991,14.2,"1"
"339","845","14","845",0.464205067,0.008873705,-0.011046126,14.3,"5"
"340","846","14","846",0.82309145,0.009135308,-0.037761263,14.2,"5"
"341","847","14","847",3.174526168,0.009940295,-0.129373529,14.2,"1"
"342","848","14","848",3.174526168,0.009989564,0.087698684,14.1,"3"
"343","849","14","849",2.048273489,0.009615293,-0.185161094,14.2,"4"
"344","85","13","85",2.815665696,0.009177272,-0.050180743,13.2,"3"
"345","850","14","850",0.601863403,0.008983061,0.021305808,14.3,"5"
"346","851","14","851",0,0.008678881,0,14.5,"5"
"347","852","14","852",2.792831728,0.009580252,-0.237062436,14.2,"1"
"348","853","14","853",3.174526168,0.009641989,0.347845776,14.2,"3"
"349","854","14","854",1.212143852,0.009633041,-0.070540515,14.1,"1"
"350","855","14","855",2.393946756,0.009690573,-0.038764627,14.1,"1"
"351","856","14","856",1.392649874,0.009555972,0.102110607,14.2,"1"
"352","858","14","858",2.282921017,0.009922474,-0.152932365,14.2,"1"
"353","859","14","859",3.174526168,0.009813838,0.046397522,14.1,"1"
"354","86","13","86",1.310346696,0.009505387,-0.086270285,13.1,"1"
"355","860","14","860",3.174526168,0.009700972,0.345534879,14.2,"1"
"356","861","14","861",3.174526168,0.009888125,-0.114617976,14.1,"3"
"357","862","14","862",3.174526168,0.009669675,0.0358154,14.1,"3"
"358","863","14","863",1.414172537,0.009484083,0.075224457,14.1,"1"
"359","865","14","865",2.385087366,0.009552243,0.039758291,14.1,"3"
"360","867","14","867",2.236399119,0.009517164,0.158945175,14.3,"4"
"361","868","14","868",97.6758389,0.010451089,0.131674752,14.1,"1"
"362","869","14","869",1.675838898,0.009666684,-0.17860937,14.2,"1"
"363","870","14","870",2.236399119,0.009602647,0.051556358,14.3,"4"
"364","871","14","871",3.174526168,0.009765986,0.072224953,14.1,"3"
"365","872","14","872",2.236399119,0.009749655,-0.237046851,14.1,"3"
"366","873","14","873",1.290540896,0.009494843,0.060761325,14.3,"4"
"367","874","14","874",2.236399119,0.009823026,0.069217067,14.1,"3"
"368","875","14","875",3.174526168,0.009829669,0.093454561,14.3,"3"
"369","876","14","876",3.174526168,0.009832286,0.000718833,14.2,"1"
"370","878","14","878",2.57825166,0.009655437,0.045917377,14.1,"3"
"371","879","14","879",2.954654506,0.009808915,-0.144485807,14.2,"3"
"372","88","13","88",1.310346696,0.00959636,-0.021779718,13.2,"2"
"373","880","14","880",2.881777149,0.009855828,-0.204293153,14.2,"1"
"374","881","14","881",2.57825166,0.009472329,0.083154863,14.3,"4"
"375","882","14","882",3.174526168,0.00964276,-0.085756084,14.1,"3"
"376","884","14","884",3.174526168,0.009685193,-0.229241325,14.2,"4"
"377","885","14","885",2.216855886,0.009310559,-0.066293137,14.2,"5"
"378","886","14","886",2.792831728,0.009727228,-0.146986313,14.1,"3"
"379","888","14","888",3.174526168,0.009863206,0.175382665,14.2,"1"
"380","89","13","89",0.301410718,0.00870542,0.099606806,13.1,"5"
"381","891","14","891",2.236399119,0.009829682,-0.169001729,14.1,"3"
"382","892","14","892",3.174526168,0.009779428,0.019344722,14.2,"1"
"383","893","14","893",3.174526168,0.009780543,-0.040126894,14.1,"3"
"384","894","14","894",0.646473381,0.009089935,0.176927354,14.2,"5"
"385","895","14","895",3.174526168,0.010052064,-0.049721243,14.1,"3"
"386","896","14","896",3.174526168,0.009983445,-0.067900783,14.1,"3"
"387","898","14","898",3.174526168,0.009464036,0.01607035,14.1,"3"
"388","899","14","899",3.174526168,0.009878962,0.128551801,14.1,"3"
"389","9","11","9",3.282723101,0.009520304,-0.03130948,11.3,"3"
"390","90","13","90",1.310346696,0.009389633,-0.070240103,13.1,"1"
"391","900","14","900",3.174526168,0.010017194,-0.189694156,14.2,"1"
"392","902","14","902",2.236399119,0.009769168,-0.191813148,14.2,"1"
"393","904","14","904",1.971169144,0.009571791,-0.054244125,14.2,"1"
"394","905","14","905",3.174526168,0.009852837,-0.095256429,14.1,"1"
"395","907","14","907",2.236399119,0.009645577,-0.249304533,14.1,"3"
"396","909","14","909",2.261164331,0.009739081,0.175784666,14.2,"4"
"397","91","14","91",2.393946756,0.009779792,-0.185394526,14.1,"1"
"398","910","14","910",2.954654506,0.009292553,0.220577849,14.1,"4"
"399","912","14","912",3.174526168,0.009895774,0.100557875,14.1,"3"
"400","913","14","913",3.174526168,0.009812959,0.04507382,14.2,"1"
"401","917","14","917",3.174526168,0.009926478,0.133305189,14.1,"3"
"402","918","14","918",2.642858771,0.009786323,-0.099396554,14.1,"3"
"403","919","14","919",0,0.008678881,0,14.6,"5"
"404","92","14","92",1.251998257,0.008993356,0.202490436,14.3,"5"
"405","921","14","921",103.1745262,0.010363693,0.00885351,14.1,"3"
"406","924","14","924",3.174526168,0.009445658,-0.068933458,14.1,"3"
"407","926","14","926",3.174526168,0.010010275,-0.133391837,14.2,"1"
"408","928","14","928",1.366436868,0.009832026,0.449232283,14.2,"1"
"409","929","14","929",2.236399119,0.009690933,-0.151754271,14.2,"3"
"410","93","14","93",2.792831728,0.009572599,0.188255452,14.1,"3"
"411","930","14","930",2.57825166,0.009672409,0.059644635,14.2,"1"
"412","931","14","931",2.138407588,0.009637353,-0.149555752,14.2,"1"
"413","932","14","932",2.42298711,0.009890725,0.034072766,14.2,"1"
"414","933","14","933",3.174526168,0.009903813,0.026167074,14.2,"2"
"415","934","12","934",0.220418481,0.009407197,-0.014672364,12.1,"2"
"416","935","14","935",2.642858771,0.009840452,-0.095286782,14.1,"1"
"417","94","14","94",3.174526168,0.00946627,-0.009781334,14.3,"4"
"418","95","14","95",3.174526168,0.00989134,0.331841721,14.2,"1"
"419","97","14","97",0,0.008679822,0.003561876,14.1,"5"
"420","98","14","98",0,0.008678881,0,14.4,"5"
"421","99","14","99",3.035033955,0.009879348,0.108686714,14.2,"1"
